날짜,시가,고가,저가,종가,거래량,등락률
2014-01-02,26960,27100,26040,26180,620500,-4.591836734693878
2014-01-03,26000,26220,25740,25920,529932,-0.9931245225362872
2014-01-06,26060,26399,25920,26140,394716,0.8487654320987654
2014-01-07,26000,26360,25900,26080,395264,-0.22953328232593728
2014-01-08,26000,26080,25740,25820,409493,-0.9969325153374233
2014-01-09,26140,26140,25500,25500,425019,-1.2393493415956625
2014-01-10,25500,25720,25440,25440,363783,-0.2352941176470588
2014-01-13,25660,25940,25460,25900,328987,1.8081761006289307
2014-01-14,25940,26600,25800,26260,294333,1.3899613899613898
2014-01-15,26600,26619,25960,25980,234949,-1.0662604722010662
2014-01-16,26000,26200,25860,26020,195049,0.15396458814472672
2014-01-17,26020,26300,25840,25840,255485,-0.6917755572636434
2014-01-20,26100,26379,25920,26320,173656,1.8575851393188854
2014-01-21,26300,26540,26220,26480,151246,0.60790273556231
2014-01-22,26280,26560,26240,26560,216530,0.3021148036253776
2014-01-23,26320,26440,25980,25980,206739,-2.183734939759036
2014-01-24,26000,26360,25820,26140,280035,0.6158583525789069
2014-01-27,25860,26080,25700,25840,266926,-1.1476664116296864
2014-01-28,25460,25860,25460,25660,234027,-0.696594427244582
2014-01-29,25600,25760,25540,25600,383637,-0.23382696804364772
2014-02-03,25720,25760,25420,25440,325184,-0.625
2014-02-04,25260,25260,24980,24980,320660,-1.8081761006289307
2014-02-05,24900,25100,24680,24740,298533,-0.9607686148919135
2014-02-06,24900,25340,24800,25180,303949,1.7784963621665322
2014-02-07,25500,25580,25260,25500,198872,1.2708498808578237
2014-02-10,25420,25620,25240,25540,155993,0.1568627450980392
2014-02-11,25620,26300,25440,26220,253680,2.662490211433046
2014-02-12,26620,26620,26100,26140,200548,-0.30511060259344014
2014-02-13,26000,26400,25800,25960,116769,-0.6885998469778117
2014-02-14,25920,26160,25840,26020,124415,0.23112480739599386
2014-02-17,25840,26120,25600,25700,187733,-1.2298232129131437
2014-02-18,25700,25980,25640,25900,118213,0.7782101167315175
2014-02-19,26000,26000,25600,25800,123595,-0.3861003861003861
2014-02-20,25800,25920,25620,25720,190866,-0.31007751937984496
2014-02-21,26659,26659,26000,26600,286924,3.421461897356143
2014-02-24,26680,26899,26419,26560,148501,-0.15037593984962408
2014-02-25,26640,26800,26520,26680,175706,0.4518072289156626
2014-02-26,26740,26860,26500,26840,258361,0.5997001499250375
2014-02-27,26700,26840,26600,26820,157827,-0.07451564828614009
2014-02-28,26740,26980,26640,26980,284647,0.5965697240865026
2014-03-03,26720,26800,26420,26500,242083,-1.7790956263899185
2014-03-04,26400,26580,26299,26300,158003,-0.7547169811320755
2014-03-05,26700,26820,26600,26600,149830,1.1406844106463878
2014-03-06,26580,26580,26200,26520,172335,-0.30075187969924816
2014-03-07,26780,26780,26580,26780,150973,0.9803921568627451
2014-03-10,26399,26600,26340,26400,173152,-1.4189693801344287
2014-03-11,26400,26540,26180,26440,181596,0.15151515151515152
2014-03-12,26400,26400,25860,25880,251585,-2.118003025718608
2014-03-13,25880,26260,25800,25800,235004,-0.3091190108191654
2014-03-14,25400,25700,25400,25500,216736,-1.1627906976744187
2014-03-17,25500,25520,25160,25320,176400,-0.7058823529411765
2014-03-18,25400,25660,25320,25560,220912,0.9478672985781991
2014-03-19,25600,25700,25360,25380,152771,-0.7042253521126761
2014-03-20,25400,25440,25240,25240,118788,-0.5516154452324665
2014-03-21,25380,25460,25240,25460,166426,0.8716323296354992
2014-03-24,25200,25480,25180,25460,141478,0.0
2014-03-25,25380,25400,24820,24940,272500,-2.04241948153967
2014-03-26,25380,25800,24960,25700,348894,3.0473135525260626
2014-03-27,25800,26660,25700,26660,417557,3.735408560311284
2014-03-28,26400,26760,26400,26700,212974,0.15003750937734434
2014-03-31,26900,26900,26440,26860,265197,0.599250936329588
2014-04-01,26900,26900,26619,26780,221620,-0.29784065524944153
2014-04-02,26999,27140,26860,27140,262001,1.344286781179985
2014-04-03,27020,27900,27020,27800,381976,2.4318349299926307
2014-04-04,27540,27940,27540,27600,368007,-0.7194244604316548
2014-04-07,27940,27940,27480,27940,215235,1.2318840579710146
2014-04-08,27740,27980,27500,27880,212164,-0.21474588403722264
2014-04-09,27880,27900,27280,27420,321232,-1.6499282639885222
2014-04-10,27380,27600,27199,27600,199984,0.6564551422319475
2014-04-11,27240,27359,27180,27300,213187,-1.0869565217391304
2014-04-14,27300,27720,27300,27400,211720,0.3663003663003663
2014-04-15,27720,27739,27379,27400,219396,0.0
2014-04-16,27400,27840,27259,27600,186171,0.7299270072992701
2014-04-17,27520,27600,27320,27400,144833,-0.7246376811594203
2014-04-18,27399,27580,27399,27560,190367,0.583941605839416
2014-04-21,27580,27720,27500,27600,65985,0.14513788098693758
2014-04-22,27480,27680,27420,27500,121686,-0.36231884057971014
2014-04-23,27880,27900,27640,27780,190015,1.0181818181818183
2014-04-24,28180,28180,27980,28140,210924,1.2958963282937366
2014-04-25,28400,28560,27959,27980,305396,-0.5685856432125089
2014-04-28,28080,28120,27640,27760,188629,-0.7862759113652609
2014-04-29,27780,27900,27019,27200,218184,-2.0172910662824206
2014-04-30,27600,27619,26519,26860,300946,-1.25
2014-05-02,27080,27180,26880,26920,298867,0.22338049143708116
2014-05-07,27000,27120,26800,26880,283794,-0.1485884101040119
2014-05-08,27100,27100,26880,27000,325638,0.4464285714285714
2014-05-09,27120,27160,26520,26700,263141,-1.1111111111111112
2014-05-12,26720,27900,26640,27760,318896,3.9700374531835205
2014-05-13,27760,28500,27760,28000,242148,0.8645533141210375
2014-05-14,28180,28300,28020,28300,222075,1.0714285714285714
2014-05-15,28280,28379,28060,28200,136134,-0.35335689045936397
2014-05-16,28000,28740,27980,28560,317130,1.276595744680851
2014-05-19,28560,29000,28160,28960,385621,1.400560224089636
2014-05-20,28900,29080,28700,29020,320146,0.20718232044198895
2014-05-21,28700,29000,28700,28820,216850,-0.6891798759476223
2014-05-22,28819,28960,28520,28520,190800,-1.040943789035392
2014-05-23,28100,28560,28100,28560,170233,0.1402524544179523
2014-05-26,28400,28640,28300,28440,74712,-0.42016806722689076
2014-05-27,28340,28460,28059,28140,94968,-1.0548523206751055
2014-05-28,28380,28700,28180,28660,184019,1.8479033404406537
2014-05-29,29000,29300,28800,29200,250430,1.884159106769016
2014-05-30,29400,29639,28859,28860,316621,-1.1643835616438356
2014-06-02,28860,29160,28780,29100,148789,0.8316008316008316
2014-06-03,29680,29900,29300,29400,344685,1.0309278350515463
2014-06-05,29320,29600,29000,29140,270141,-0.8843537414965987
2014-06-09,29400,29459,28040,28180,445392,-3.2944406314344548
2014-06-10,28419,28760,28100,28720,184282,1.9162526614620299
2014-06-11,28239,28600,28239,28440,172515,-0.9749303621169917
2014-06-12,28600,28600,28020,28260,258863,-0.6329113924050633
2014-06-13,28040,28080,27260,27340,371781,-3.255484784147204
2014-06-16,27599,27639,27240,27480,306399,0.5120702267739575
2014-06-17,27200,27559,27020,27480,269535,0.0
2014-06-18,27460,27519,27120,27160,220887,-1.1644832605531297
2014-06-19,26899,26980,26399,26460,446794,-2.5773195876288657
2014-06-20,26600,26600,25920,26020,478053,-1.6628873771730914
2014-06-23,26420,26640,26320,26440,249765,1.6141429669485012
2014-06-24,26800,27079,26640,26900,237817,1.739788199697428
2014-06-25,26600,26660,26360,26400,204638,-1.858736059479554
2014-06-26,26180,26860,26140,26500,255306,0.3787878787878788
2014-06-27,26140,26379,26120,26220,179061,-1.0566037735849056
2014-06-30,26199,26479,26180,26440,177621,0.8390541571319604
2014-07-01,26160,26279,26020,26200,174508,-0.9077155824508321
2014-07-02,26340,26620,26120,26600,222785,1.5267175572519083
2014-07-03,26720,26720,26320,26360,170861,-0.9022556390977444
2014-07-04,26440,26520,26060,26120,119577,-0.9104704097116844
2014-07-07,25820,26020,25800,25840,188741,-1.0719754977029097
2014-07-08,25880,26380,25740,25900,241464,0.23219814241486067
2014-07-09,25740,26160,25660,26160,236598,1.0038610038610039
2014-07-10,26160,26220,26040,26120,179204,-0.1529051987767584
2014-07-11,26000,26040,25640,25680,215592,-1.6845329249617151
2014-07-14,25960,26000,25720,25720,141643,0.1557632398753894
2014-07-15,26000,26459,25940,26400,239521,2.6438569206842923
2014-07-16,26259,26459,26220,26420,182284,0.07575757575757576
2014-07-17,26519,26700,26400,26600,218454,0.6813020439061317
2014-07-18,26300,26860,26280,26860,194853,0.9774436090225564
2014-07-21,26980,27200,26860,27060,161199,0.7446016381236039
2014-07-22,26960,27159,26900,26960,126019,-0.36954915003695493
2014-07-23,27080,27140,26700,26760,128346,-0.741839762611276
2014-07-24,27000,27159,26620,27100,161034,1.2705530642750373
2014-07-25,26920,27100,26700,27100,175803,0.0
2014-07-28,27099,27340,26880,27160,179851,0.22140221402214022
2014-07-29,27099,27759,27060,27720,256186,2.0618556701030926
2014-07-30,27760,28160,27480,27900,347189,0.6493506493506493
2014-07-31,27480,27700,26720,26860,487027,-3.7275985663082443
2014-08-01,26100,26560,25840,25840,564621,-3.79746835443038
2014-08-04,26000,26340,25820,26340,241335,1.9349845201238391
2014-08-05,26020,26420,26000,26320,172529,-0.07593014426727411
2014-08-06,26120,26320,25900,26000,216602,-1.21580547112462
2014-08-07,26000,26040,25700,25800,190545,-0.7692307692307693
2014-08-08,25680,25700,24960,25000,412429,-3.10077519379845
2014-08-11,25500,25640,25140,25400,372385,1.6
2014-08-12,25400,25880,25240,25320,179914,-0.31496062992125984
2014-08-13,25500,25500,24960,25280,256900,-0.1579778830963665
2014-08-14,25480,25640,25080,25220,208947,-0.23734177215189875
2014-08-18,25580,25600,25000,25000,210379,-0.8723235527359239
2014-08-19,25280,25460,25060,25080,200888,0.32
2014-08-20,25280,25420,25020,25220,188612,0.5582137161084529
2014-08-21,25100,25220,24620,24700,342108,-2.0618556701030926
2014-08-22,24900,24940,24700,24940,168153,0.9716599190283401
2014-08-25,24620,24620,24420,24560,231544,-1.5236567762630313
2014-08-26,24700,24700,24420,24440,214389,-0.4885993485342019
2014-08-27,24460,24740,24440,24600,243420,0.6546644844517185
2014-08-28,25160,25160,24720,24840,206237,0.975609756097561
2014-08-29,24760,24760,24560,24680,291165,-0.644122383252818
2014-09-01,24720,24740,24480,24520,113281,-0.6482982171799028
2014-09-02,24420,24500,23880,23880,317992,-2.6101141924959217
2014-09-03,24000,24000,23600,23780,424775,-0.41876046901172526
2014-09-04,24200,24320,24040,24200,241999,1.7661900756938604
2014-09-05,24300,24320,23900,24020,215408,-0.743801652892562
2014-09-11,24000,24140,23840,23840,466184,-0.7493755203996669
2014-09-12,24000,24160,24000,24020,217447,0.7550335570469799
2014-09-15,24140,24160,23920,24000,143230,-0.08326394671107411
2014-09-16,24160,24300,24020,24120,141848,0.5
2014-09-17,24140,24520,24140,24520,150915,1.658374792703151
2014-09-18,24600,24600,24080,24200,189535,-1.3050570962479608
2014-09-19,24460,24460,24120,24200,268701,0.0
2014-09-22,24080,24080,23600,23760,320442,-1.8181818181818181
2014-09-23,23560,23700,23220,23220,390828,-2.272727272727273
2014-09-24,23040,23220,22820,23000,315784,-0.9474590869939706
2014-09-25,23240,23320,22940,23120,388290,0.5217391304347827
2014-09-26,23040,23700,22960,23700,248271,2.508650519031142
2014-09-29,23860,24000,23400,23900,188020,0.8438818565400843
2014-09-30,23700,23760,23300,23680,247586,-0.9205020920502093
2014-10-01,23480,23660,23120,23120,238596,-2.364864864864865
2014-10-02,23300,23300,22820,22820,254655,-1.2975778546712802
2014-10-06,22900,23120,22760,23020,425058,0.8764241893076249
2014-10-07,23240,23720,23240,23240,202983,0.9556907037358819
2014-10-08,22840,23020,22480,22600,294411,-2.753872633390706
2014-10-10,22000,22280,21980,22100,436749,-2.2123893805309733
2014-10-13,21640,22540,21560,22160,226895,0.27149321266968324
2014-10-14,22540,22920,22400,22540,331451,1.7148014440433215
2014-10-15,22560,22900,22400,22500,282872,-0.1774622892635315
2014-10-16,22320,22420,22080,22300,302966,-0.8888888888888888
2014-10-17,22120,22300,21740,21780,325635,-2.3318385650224216
2014-10-20,22300,22340,22020,22120,189535,1.5610651974288337
2014-10-21,21880,22000,21620,21660,235321,-2.0795660036166366
2014-10-22,21940,22080,21800,22080,222554,1.9390581717451523
2014-10-23,22260,22260,21800,21880,170118,-0.9057971014492754
2014-10-24,22060,22240,21840,22240,167569,1.6453382084095063
2014-10-27,22020,22220,21740,21900,167772,-1.5287769784172662
2014-10-28,21800,22000,21720,21820,124877,-0.365296803652968
2014-10-29,22000,22600,21800,22600,274522,3.5747021081576533
2014-10-30,22580,23660,22300,23620,491339,4.513274336283186
2014-10-31,23960,25000,23700,24880,772463,5.334462320067739
2014-11-03,25000,25040,24320,24700,269516,-0.7234726688102894
2014-11-04,24380,24840,24100,24340,260006,-1.45748987854251
2014-11-05,24300,24500,23880,24040,203243,-1.2325390304026294
2014-11-06,23960,24200,23860,24080,171403,0.16638935108153077
2014-11-07,24360,24360,23900,24120,120604,0.16611295681063123
2014-11-10,24520,25380,24440,25360,384058,5.140961857379768
2014-11-11,25100,25220,24540,24620,242828,-2.917981072555205
2014-11-12,24620,24680,24380,24600,181592,-0.08123476848090982
2014-11-13,24560,24640,23980,24000,230943,-2.4390243902439024
2014-11-14,24020,24020,23600,23880,212435,-0.5
2014-11-17,23800,24400,23640,24100,193879,0.9212730318257957
2014-11-18,24400,24540,24300,24400,215094,1.2448132780082988
2014-11-19,24760,24760,24240,24360,250055,-0.16393442622950818
2014-11-20,24120,24400,24120,24200,200483,-0.6568144499178982
2014-11-21,24380,24520,24340,24460,246727,1.0743801652892562
2014-11-24,24940,24960,24200,24400,205686,-0.24529844644317253
2014-11-25,24480,24480,23800,23800,356221,-2.459016393442623
2014-11-26,23800,24220,23640,24020,245758,0.9243697478991597
2014-11-27,25460,26020,25280,25280,887556,5.245628642797668
2014-11-28,25900,25920,25480,25740,196891,1.8196202531645569
2014-12-01,25880,25960,25740,25900,257337,0.6216006216006216
2014-12-02,25900,25900,25320,25900,184454,0.0
2014-12-03,26000,26020,25900,25960,194710,0.23166023166023164
2014-12-04,26040,26060,25960,26000,177427,0.15408320493066258
2014-12-05,26280,26280,26000,26040,112756,0.15384615384615385
2014-12-08,26060,26420,26040,26380,158331,1.30568356374808
2014-12-09,26380,27139,26380,26980,271062,2.2744503411675514
2014-12-10,26920,26920,26340,26340,319556,-2.3721275018532246
2014-12-11,26340,26380,25880,26100,409817,-0.9111617312072893
2014-12-12,26060,26080,25480,25720,287945,-1.4559386973180077
2014-12-15,25600,25600,25200,25460,286759,-1.010886469673406
2014-12-16,25400,25780,25360,25580,257895,0.4713275726630008
2014-12-17,25580,25660,25060,25320,261773,-1.016419077404222
2014-12-18,25320,25580,25040,25320,236165,0.0
2014-12-19,25880,26560,25740,26560,367130,4.897314375987362
2014-12-22,26900,26940,26360,26900,358877,1.2801204819277108
2014-12-23,26920,26980,26740,26780,219527,-0.44609665427509293
2014-12-24,26779,26860,26779,26860,125140,0.2987303958177745
2014-12-26,26859,27100,26859,27040,229762,0.6701414743112435
2014-12-29,26900,26940,26580,26580,192749,-1.7011834319526626
2014-12-30,26600,26700,26420,26540,212982,-0.15048908954100826
2015-01-02,26799,26799,26540,26600,175499,0.22607385079125847
2015-01-05,26720,26720,26260,26660,202790,0.2255639097744361
2015-01-06,26300,26340,25760,25900,304710,-2.8507126781695424
2015-01-07,25880,26220,25640,26140,286455,0.9266409266409266
2015-01-08,26780,26780,26199,26280,289552,0.5355776587605203
2015-01-09,26280,26440,26280,26280,186248,0.0
2015-01-12,26260,26379,26020,26320,166508,0.15220700152207
2015-01-13,26280,26800,26000,26780,245868,1.7477203647416413
2015-01-14,26780,27100,26700,26900,286645,0.4480955937266617
2015-01-15,26900,26979,26580,26680,282078,-0.8178438661710037
2015-01-16,26680,26680,26260,26320,271370,-1.3493253373313343
2015-01-19,26580,26980,26400,26860,133459,2.0516717325227964
2015-01-20,27000,27440,26900,27440,265561,2.1593447505584513
2015-01-21,27340,27900,27200,27900,332253,1.6763848396501457
2015-01-22,27960,27979,27560,27560,359154,-1.2186379928315414
2015-01-23,27999,27999,27540,27720,257175,0.5805515239477503
2015-01-26,27500,27900,27280,27780,203070,0.21645021645021645
2015-01-27,27500,27999,27480,28000,199144,0.7919366450683946
2015-01-28,27720,27800,27479,27560,216630,-1.5714285714285716
2015-01-29,27360,27900,27140,27200,274045,-1.3062409288824384
2015-01-30,27200,27540,27200,27300,322200,0.3676470588235294
2015-02-02,27299,27540,27120,27360,210420,0.21978021978021978
2015-02-03,27600,27600,27180,27320,113088,-0.14619883040935672
2015-02-04,27500,27620,27180,27180,186578,-0.5124450951683748
2015-02-05,27180,27379,26920,27160,135408,-0.07358351729212656
2015-02-06,26919,27480,26720,27440,160101,1.0309278350515463
2015-02-09,27200,27980,27140,27900,173870,1.6763848396501457
2015-02-10,28000,28000,27540,27560,130387,-1.2186379928315414
2015-02-11,27480,27480,27080,27100,199476,-1.6690856313497822
2015-02-12,26800,27160,26620,26880,214964,-0.8118081180811807
2015-02-13,27200,27220,26900,27220,130458,1.2648809523809523
2015-02-16,27360,27480,27220,27480,124530,0.9551800146950772
2015-02-17,27479,27539,27280,27540,114900,0.21834061135371177
2015-02-23,27560,27800,27320,27340,306036,-0.7262164124909223
2015-02-24,27699,27780,27280,27340,217265,0.0
2015-02-25,27600,27700,27460,27580,167485,0.8778346744696415
2015-02-26,27580,27600,27360,27500,163583,-0.290065264684554
2015-02-27,27500,27520,27140,27140,260188,-1.309090909090909
2015-03-02,27500,28460,27340,28460,436112,4.8636698599852615
2015-03-03,28699,28740,28119,28360,274976,-0.35137034434293746
2015-03-04,28220,28800,28200,28740,232062,1.3399153737658673
2015-03-05,28780,28860,28340,28440,192312,-1.0438413361169103
2015-03-06,28280,28980,28120,28840,234670,1.4064697609001406
2015-03-09,28800,28800,28400,28400,156292,-1.5256588072122053
2015-03-10,28679,28860,28400,28420,208397,0.07042253521126761
2015-03-11,28380,29580,28360,29480,422173,3.729767769176636
2015-03-12,29200,29460,28940,28940,383064,-1.8317503392130257
2015-03-13,29220,29580,29100,29140,188262,0.691085003455425
2015-03-16,29160,29740,29100,29400,179491,0.8922443376801648
2015-03-17,29399,29999,29200,29940,273223,1.8367346938775513
2015-03-18,29920,30120,29720,30060,249287,0.4008016032064128
2015-03-19,30200,30200,29400,29400,264516,-2.19560878243513
2015-03-20,29500,29600,29200,29280,254099,-0.40816326530612246
2015-03-23,29240,29480,29160,29340,162458,0.20491803278688525
2015-03-24,29099,29560,29099,29520,182263,0.6134969325153374
2015-03-25,29740,29760,29440,29700,187381,0.6097560975609756
2015-03-26,29000,29120,28420,28420,420119,-4.30976430976431
2015-03-27,28300,28960,28300,28420,321316,0.0
2015-03-30,28500,28680,28240,28560,179110,0.49261083743842365
2015-03-31,28979,29040,28600,28820,196853,0.9103641456582634
2015-04-01,28740,28740,28400,28460,145321,-1.2491325468424705
2015-04-02,28680,28799,28460,28680,138068,0.7730147575544624
2015-04-03,28680,28799,28399,28680,125403,0.0
2015-04-06,28860,29800,28700,29400,211652,2.510460251046025
2015-04-07,29560,29700,29240,29240,190521,-0.5442176870748299
2015-04-08,29400,29700,29200,29580,155468,1.1627906976744187
2015-04-09,29400,29780,29400,29660,182151,0.2704530087897228
2015-04-10,29600,29880,29560,29800,199202,0.4720161834120027
2015-04-13,29580,29819,29360,29580,205866,-0.738255033557047
2015-04-14,29699,29699,29300,29480,188595,-0.3380662609871535
2015-04-15,29199,29400,28539,28920,271021,-1.8995929443690638
2015-04-16,29239,29540,28940,29540,215247,2.143845089903181
2015-04-17,29539,29559,28940,29000,203446,-1.8280297901150981
2015-04-20,28920,28960,28460,28600,247898,-1.3793103448275863
2015-04-21,28420,28900,28399,28880,237053,0.9790209790209791
2015-04-22,28879,29460,28720,29220,253111,1.1772853185595569
2015-04-23,29400,29400,28800,29020,184903,-0.6844626967830253
2015-04-24,28979,29100,28000,28200,381798,-2.8256374913852516
2015-04-27,28200,28220,27500,27900,330343,-1.0638297872340425
2015-04-28,27799,28000,27180,27320,313946,-2.078853046594982
2015-04-29,27339,27880,27279,27700,217913,1.390922401171303
2015-04-30,27699,28360,27580,28200,367057,1.8050541516245486
2015-05-04,28140,28460,27940,28000,165674,-0.7092198581560284
2015-05-06,27800,27819,27120,27240,265410,-2.7142857142857144
2015-05-07,27240,27500,27080,27400,205148,0.5873715124816447
2015-05-08,27319,27400,26760,26760,189762,-2.335766423357664
2015-05-11,27200,27200,26719,26720,192809,-0.14947683109118087
2015-05-12,26900,27060,26480,26620,212664,-0.37425149700598803
2015-05-13,26979,26979,26520,26660,197545,0.15026296018031557
2015-05-14,26820,26860,26559,26800,169770,0.5251312828207052
2015-05-15,27100,27120,26420,26520,178447,-1.0447761194029852
2015-05-18,26700,26700,26180,26400,192537,-0.4524886877828055
2015-05-19,26419,27100,26139,26760,173618,1.3636363636363635
2015-05-20,26980,27400,26820,27320,205829,2.092675635276532
2015-05-21,27420,27440,26880,27040,144212,-1.0248901903367496
2015-05-22,27060,27060,26700,27000,163916,-0.14792899408284024
2015-05-26,27320,27380,26720,27240,200683,0.8888888888888888
2015-05-27,27200,27319,26260,26280,345309,-3.524229074889868
2015-05-28,26340,26420,26020,26180,300963,-0.380517503805175
2015-05-29,26399,26420,25940,26140,347615,-0.15278838808250572
2015-06-01,26000,26020,25760,25820,218439,-1.224177505738332
2015-06-02,26000,26060,25760,26060,175151,0.9295120061967467
2015-06-03,26060,26320,25300,25460,235388,-2.3023791250959325
2015-06-04,26300,26820,26100,26740,388239,5.027494108405342
2015-06-05,26499,27100,26400,26820,196563,0.2991772625280479
2015-06-08,26900,26940,26260,26280,202379,-2.013422818791946
2015-06-09,26000,26200,25360,25640,274705,-2.43531202435312
2015-06-10,25640,25880,25240,25240,250034,-1.5600624024960998
2015-06-11,25260,25480,25060,25140,306281,-0.39619651347068147
2015-06-12,25560,25740,25280,25540,234830,1.591089896579157
2015-06-15,25100,25480,25100,25400,161356,-0.548159749412686
2015-06-16,25400,25480,24900,25100,255352,-1.1811023622047243
2015-06-17,25000,25320,24800,25080,189046,-0.0796812749003984
2015-06-18,25180,25580,25020,25300,164952,0.8771929824561403
2015-06-19,25320,25560,25200,25320,141895,0.07905138339920949
2015-06-22,25820,25920,25520,25620,127418,1.1848341232227488
2015-06-23,26180,26559,25820,26420,203180,3.12256049960968
2015-06-24,26000,26220,25820,26040,203960,-1.4383043149129449
2015-06-25,25800,26060,25380,25380,213916,-2.5345622119815667
2015-06-26,25040,25800,25040,25560,206950,0.7092198581560284
2015-06-29,25380,25700,25120,25620,230399,0.2347417840375587
2015-06-30,25520,25700,25320,25360,197407,-1.014832162373146
2015-07-01,25360,26040,25180,25900,166498,2.1293375394321767
2015-07-02,25720,26080,25700,25980,164460,0.3088803088803089
2015-07-03,25740,25880,25340,25360,142604,-2.386451116243264
2015-07-06,25060,25200,24460,24600,201999,-2.996845425867508
2015-07-07,24400,25180,24400,24800,249565,0.8130081300813009
2015-07-08,24800,25020,24640,24780,235619,-0.08064516129032258
2015-07-09,24600,25300,24520,25300,280610,2.0984665052461664
2015-07-10,25140,25320,24960,25180,191468,-0.47430830039525695
2015-07-13,25000,25440,24900,25320,153441,0.5559968228752978
2015-07-14,25300,25400,24420,24500,399794,-3.238546603475513
2015-07-15,24500,24760,24480,24700,167413,0.8163265306122449
2015-07-16,24460,25740,24460,25640,223469,3.8056680161943324
2015-07-17,26000,26220,25560,26100,297233,1.794071762870515
2015-07-20,25820,26080,25460,25500,128928,-2.2988505747126435
2015-07-21,25500,25540,24940,25260,194055,-0.9411764705882352
2015-07-22,24880,25200,24700,25060,268323,-0.791765637371338
2015-07-23,24880,25060,24680,24680,208965,-1.5163607342378291
2015-07-24,24540,24760,24480,24580,196584,-0.4051863857374392
2015-07-27,24580,24940,24560,24600,243040,0.08136696501220504
2015-07-28,24480,25020,24380,24600,267627,0.0
2015-07-29,25000,25500,24620,25260,274689,2.682926829268293
2015-07-30,25160,25200,24300,24300,308392,-3.800475059382423
2015-07-31,24400,24440,23500,23700,391589,-2.4691358024691357
2015-08-03,23680,23680,23320,23500,196891,-0.8438818565400843
2015-08-04,23500,23740,23400,23640,256887,0.5957446808510638
2015-08-05,23640,23640,23160,23180,256050,-1.94585448392555
2015-08-06,23100,23120,22300,22300,403981,-3.7963761863675582
2015-08-07,22400,22740,22300,22720,275742,1.883408071748879
2015-08-10,22800,22840,22600,22820,114450,0.44014084507042256
2015-08-11,23020,23580,22960,23140,233286,1.4022787028922
2015-08-12,23000,23280,22800,23080,223080,-0.25929127052722556
2015-08-13,23060,23060,22760,22800,150411,-1.2131715771230502
2015-08-17,22800,22820,22080,22080,227217,-3.1578947368421053
2015-08-18,22360,22820,22340,22620,231672,2.4456521739130435
2015-08-19,23380,23520,22820,23080,401415,2.033598585322723
2015-08-20,23260,23420,22600,22780,216119,-1.2998266897746966
2015-08-21,21980,22560,21920,22020,408851,-3.336259877085163
2015-08-24,21760,22300,20660,21580,448592,-1.9981834695731153
2015-08-25,21580,22140,21340,21580,392519,0.0
2015-08-26,21360,21480,21000,21340,558952,-1.1121408711770158
2015-08-27,21640,21720,21260,21340,495388,0.0
2015-08-28,21720,21720,21460,21620,462223,1.3120899718837862
2015-08-31,21420,21780,21040,21780,408309,0.7400555041628123
2015-09-01,21780,21960,21620,21700,240372,-0.3673094582185491
2015-09-02,21380,21900,21300,21800,312683,0.4608294930875576
2015-09-03,22040,22460,21860,22440,305142,2.9357798165137616
2015-09-04,22880,22880,22360,22580,251734,0.6238859180035651
2015-09-07,22580,22580,22100,22240,191805,-1.5057573073516386
2015-09-08,22260,22720,22120,22620,182330,1.70863309352518
2015-09-09,22920,22940,22720,22940,259376,1.414677276746242
2015-09-10,22600,22780,22360,22680,362568,-1.1333914559721012
2015-09-11,22520,22660,22300,22300,204167,-1.6754850088183422
2015-09-14,22400,22480,22200,22480,167073,0.8071748878923767
2015-09-15,22280,22560,22260,22460,232956,-0.0889679715302491
2015-09-16,22420,23140,22420,23040,343763,2.5823686553873553
2015-09-17,23060,23140,22880,23140,273960,0.4340277777777778
2015-09-18,22900,23840,22700,23800,436270,2.8522039757994815
2015-09-21,23260,23460,23000,23000,205359,-3.361344537815126
2015-09-22,22860,23000,22600,22900,250675,-0.43478260869565216
2015-09-23,22880,22880,22500,22620,197649,-1.222707423580786
2015-09-24,22520,22700,22500,22520,132721,-0.4420866489832007
2015-09-25,22400,22500,22180,22240,209160,-1.2433392539964476
2015-09-30,22000,22680,21800,22680,458936,1.9784172661870503
2015-10-01,22800,22900,22420,22680,241041,0.0
2015-10-02,22240,22660,22240,22380,274302,-1.3227513227513228
2015-10-05,22380,22620,22300,22300,241935,-0.3574620196604111
2015-10-06,22600,23100,22540,23020,382987,3.2286995515695067
2015-10-07,23960,25040,23720,25020,799502,8.688097306689835
2015-10-08,25000,25580,25000,25400,570677,1.518784972022382
2015-10-12,25200,25260,24940,25200,378974,-0.7874015748031495
2015-10-13,25200,25440,24960,25040,198000,-0.6349206349206349
2015-10-14,24960,25200,24740,25080,175051,0.1597444089456869
2015-10-15,24880,25640,24860,25380,248503,1.1961722488038278
2015-10-16,25300,25380,25180,25300,143968,-0.31520882584712373
2015-10-19,25140,25300,24980,25120,117070,-0.7114624505928854
2015-10-20,25200,25460,25120,25320,150347,0.7961783439490446
2015-10-21,25300,25640,25180,25400,139567,0.315955766192733
2015-10-22,25600,25900,25380,25600,230673,0.7874015748031495
2015-10-23,26000,26000,25560,25780,263071,0.703125
2015-10-26,25960,25960,25440,25840,152165,0.23273855702094648
2015-10-27,25640,25980,25620,25960,132241,0.46439628482972134
2015-10-28,25880,26160,25820,26160,271303,0.7704160246533128
2015-10-29,26599,27839,26480,26500,630471,1.2996941896024465
2015-10-30,26900,27800,26819,27440,509385,3.547169811320755
2015-11-02,27700,27860,27479,27660,386546,0.8017492711370262
2015-11-03,27620,27620,26999,27040,301840,-2.2415039768618943
2015-11-04,27040,27219,26519,26600,281070,-1.6272189349112427
2015-11-05,26600,27079,26600,26840,173042,0.9022556390977444
2015-11-06,26860,26960,26600,26760,164322,-0.29806259314456035
2015-11-09,26760,26880,26419,26880,185661,0.4484304932735426
2015-11-10,26720,26820,26280,26420,197551,-1.711309523809524
2015-11-11,26419,26900,26419,26660,140449,0.9084027252081757
2015-11-12,26660,26680,26340,26340,157417,-1.2003000750187547
2015-11-13,26340,26340,26000,26000,177677,-1.29081245254366
2015-11-16,25820,25820,25260,25260,275705,-2.8461538461538463
2015-11-17,25500,25800,25400,25400,186184,0.5542359461599367
2015-11-18,25440,25800,25440,25620,167735,0.8661417322834646
2015-11-19,25800,25800,25420,25780,192850,0.624512099921936
2015-11-20,25780,25920,25560,25700,168720,-0.3103180760279286
2015-11-23,25700,26040,25620,25640,198820,-0.23346303501945526
2015-11-24,25640,26100,25640,25980,159560,1.326053042121685
2015-11-25,26000,26200,25980,25980,142627,0.0
2015-11-26,25980,26800,25980,26700,185800,2.771362586605081
2015-11-27,26900,26980,26540,26540,169854,-0.599250936329588
2015-11-30,26500,26500,25680,25680,534006,-3.2403918613413714
2015-12-01,25880,26440,25760,26420,252113,2.881619937694704
2015-12-02,26420,26440,25880,26000,229628,-1.5897047691143074
2015-12-03,25900,25940,25720,25800,166695,-0.7692307692307693
2015-12-04,25500,25600,25340,25380,192711,-1.627906976744186
2015-12-07,25380,25500,25240,25240,196107,-0.5516154452324665
2015-12-08,25240,25440,25240,25240,138322,0.0
2015-12-09,25240,25500,25240,25260,181812,0.07923930269413629
2015-12-10,25260,25860,25260,25660,303867,1.583531274742676
2015-12-11,25660,25900,25440,25680,206729,0.0779423226812159
2015-12-14,25460,25460,25100,25220,222801,-1.791277258566978
2015-12-15,25220,25600,25200,25540,175494,1.26883425852498
2015-12-16,25560,26200,25560,25980,207962,1.7227877838684416
2015-12-17,26020,26160,25500,25800,174677,-0.6928406466512702
2015-12-18,25300,25760,25280,25560,168369,-0.9302325581395349
2015-12-21,25560,25700,25220,25600,160466,0.1564945226917058
2015-12-22,25600,25840,25340,25840,206192,0.9375
2015-12-23,25840,25980,25640,25900,207148,0.23219814241486067
2015-12-24,25900,26000,25700,25700,156151,-0.7722007722007722
2015-12-28,25700,25780,25320,25320,227230,-1.4785992217898831
2015-12-29,25300,25320,24820,25080,232944,-0.9478672985781991
2015-12-30,25200,25440,25080,25200,203958,0.4784688995215311
2016-01-04,25200,25200,24100,24100,306939,-4.365079365079365
2016-01-05,24040,24360,23720,24160,216002,0.24896265560165973
2016-01-06,24160,24160,23360,23500,366752,-2.7317880794701987
2016-01-07,23320,23660,23020,23260,282388,-1.0212765957446808
2016-01-08,23260,23720,23260,23420,257763,0.6878761822871883
2016-01-11,23120,23320,22920,23040,241277,-1.6225448334756618
2016-01-12,22960,23320,22880,22920,206283,-0.5208333333333333
2016-01-13,23060,23180,22960,22960,143316,0.17452006980802792
2016-01-14,22620,22840,22620,22760,209022,-0.8710801393728222
2016-01-15,22800,23040,22480,22640,209464,-0.5272407732864675
2016-01-18,21760,22660,21760,22520,320214,-0.5300353356890459
2016-01-19,22560,23420,22560,23420,207242,3.996447602131439
2016-01-20,23200,23200,22640,22760,167052,-2.818104184457728
2016-01-21,22660,23100,22500,22620,190352,-0.6151142355008787
2016-01-22,22900,23360,22900,23360,147528,3.2714412024756854
2016-01-25,23440,23520,23120,23240,159913,-0.5136986301369862
2016-01-26,23100,23140,22720,22740,152399,-2.1514629948364887
2016-01-27,22520,23500,22520,23500,276237,3.342128408091469
2016-01-28,23280,23360,22780,22900,315912,-2.553191489361702
2016-01-29,22800,23000,22320,23000,436983,0.43668122270742354
2016-02-01,23040,23260,23020,23260,259979,1.1304347826086958
2016-02-02,23220,23320,22940,23120,166348,-0.6018916595012898
2016-02-03,23000,23040,22740,22920,174507,-0.8650519031141869
2016-02-04,23000,23220,22960,23120,247959,0.8726003490401396
2016-02-05,23120,23380,23120,23280,188094,0.6920415224913495
2016-02-11,22360,22740,22360,22600,305262,-2.9209621993127146
2016-02-12,22600,23020,22440,22600,256232,0.0
2016-02-15,23080,23200,22880,23080,183146,2.1238938053097343
2016-02-16,23160,23580,23140,23360,180401,1.2131715771230502
2016-02-17,23580,24020,23380,23700,246062,1.4554794520547945
2016-02-18,24060,24060,23560,23740,222481,0.16877637130801687
2016-02-19,23740,23900,23480,23800,176852,0.2527379949452401
2016-02-22,23800,23840,23320,23500,174899,-1.2605042016806722
2016-02-23,23580,23780,23460,23620,147674,0.5106382978723404
2016-02-24,23560,23580,23220,23440,140484,-0.7620660457239627
2016-02-25,23440,23740,23440,23580,133635,0.5972696245733788
2016-02-26,23600,23740,23440,23440,177344,-0.5937234944868532
2016-02-29,23580,23880,23520,23560,288680,0.5119453924914675
2016-03-02,24000,24140,23920,23940,236372,1.6129032258064515
2016-03-03,24260,24400,24040,24400,218991,1.921470342522974
2016-03-04,24400,24560,24040,24300,201490,-0.4098360655737705
2016-03-07,24400,24620,24300,24460,131376,0.6584362139917695
2016-03-08,24460,24480,23720,23840,216202,-2.5347506132461164
2016-03-09,23760,23980,23540,23880,183380,0.16778523489932887
2016-03-10,24160,24720,24020,24500,283540,2.5963149078726966
2016-03-11,24500,25060,24320,24980,267225,1.9591836734693877
2016-03-14,25340,25460,24980,25100,217154,0.4803843074459567
2016-03-15,25100,25280,24920,25060,172808,-0.1593625498007968
2016-03-16,25120,25260,25060,25120,146856,0.23942537909018355
2016-03-17,25300,25920,25140,25260,246869,0.5573248407643312
2016-03-18,25560,25560,25260,25460,225314,0.791765637371338
2016-03-21,25480,25580,25160,25340,181170,-0.4713275726630008
2016-03-22,25340,25580,25240,25380,202872,0.15785319652722968
2016-03-23,25380,25580,25240,25580,197418,0.7880220646178092
2016-03-24,25580,25800,25320,25640,218795,0.23455824863174357
2016-03-25,25660,25800,25560,25760,143446,0.46801872074883
2016-03-28,25760,26000,25760,25880,121218,0.4658385093167702
2016-03-29,25880,26000,25700,25800,172454,-0.3091190108191654
2016-03-30,26200,26419,26040,26160,267605,1.3953488372093024
2016-03-31,26120,26279,25960,26240,382615,0.3058103975535168
2016-04-01,25980,26180,25420,25580,271156,-2.5152439024390247
2016-04-04,25580,26100,25580,26100,188046,2.032838154808444
2016-04-05,25980,25980,25200,25200,236319,-3.4482758620689653
2016-04-06,25380,25820,25360,25700,184234,1.984126984126984
2016-04-07,26000,26000,25160,25380,258795,-1.245136186770428
2016-04-08,25380,25380,24800,24920,251868,-1.8124507486209613
2016-04-11,24920,25420,24920,25320,120693,1.6051364365971106
2016-04-12,25400,25620,25320,25500,134054,0.7109004739336493
2016-04-14,26000,26040,25780,26000,335327,1.9607843137254901
2016-04-15,26180,26200,25800,26000,136599,0.0
2016-04-18,25900,26100,25840,25980,128474,-0.07692307692307693
2016-04-19,25880,25920,25660,25760,144766,-0.8468052347959968
2016-04-20,25640,26000,25640,25980,171972,0.8540372670807453
2016-04-21,26000,26020,25760,25880,145089,-0.3849114703618168
2016-04-22,25880,25880,25540,25600,114830,-1.0819165378670788
2016-04-25,25700,25700,25420,25620,91957,0.078125
2016-04-26,25700,26100,25660,25920,166901,1.1709601873536302
2016-04-27,25880,26000,25720,26000,165946,0.30864197530864196
2016-04-28,26000,26000,25220,25300,293069,-2.6923076923076925
2016-04-29,25200,25340,24840,24900,325078,-1.5810276679841897
2016-05-02,24940,25240,24900,25000,140552,0.4016064257028112
2016-05-03,25340,25400,25120,25220,158066,0.88
2016-05-04,25440,25800,25240,25800,294055,2.299762093576527
2016-05-09,25800,26000,25700,25980,312894,0.6976744186046512
2016-05-10,25980,26000,25760,25920,171191,-0.23094688221709006
2016-05-11,25920,25980,25740,25840,176688,-0.30864197530864196
2016-05-12,25840,25840,25500,25620,152302,-0.8513931888544891
2016-05-13,25620,25620,25020,25060,245698,-2.185792349726776
2016-05-16,25060,25260,24940,24960,234403,-0.39904229848363926
2016-05-17,24980,25300,24980,25280,183671,1.282051282051282
2016-05-18,25280,25420,25100,25360,183392,0.31645569620253167
2016-05-19,25360,25540,25320,25400,200249,0.15772870662460567
2016-05-20,25400,25600,25380,25380,159211,-0.07874015748031496
2016-05-23,25380,25720,25380,25720,162251,1.3396375098502757
2016-05-24,25720,25780,25360,25420,208692,-1.166407465007776
2016-05-25,25660,25960,25480,25900,237255,1.8882769472856018
2016-05-26,25980,26060,25900,25920,253073,0.07722007722007722
2016-05-27,26000,26020,25460,25640,274891,-1.0802469135802468
2016-05-30,25940,25940,25480,25600,206307,-0.15600624024961
2016-05-31,25600,26000,25360,25840,1250554,0.9375
2016-06-01,25960,26820,25900,26660,470080,3.1733746130030958
2016-06-02,27000,27440,26920,27300,476139,2.4006001500375094
2016-06-03,27400,27580,27280,27540,341324,0.8791208791208791
2016-06-07,27720,28040,27600,27960,462843,1.5250544662309369
2016-06-08,28380,28380,27780,28120,376162,0.5722460658082975
2016-06-09,28160,28600,28120,28600,515375,1.7069701280227598
2016-06-10,28480,28500,28080,28120,289681,-1.6783216783216783
2016-06-13,27920,27920,27240,27420,304966,-2.4893314366998576
2016-06-14,27420,27720,27380,27600,245461,0.6564551422319475
2016-06-15,27699,28320,27660,28260,306689,2.391304347826087
2016-06-16,28259,28340,27900,28180,292431,-0.28308563340410475
2016-06-17,28200,28700,28200,28520,328394,1.20652945351313
2016-06-20,28540,28960,28519,28620,270316,0.3506311360448808
2016-06-21,28640,28980,28520,28960,200411,1.187980433263452
2016-06-22,28920,29000,28620,28900,178965,-0.20718232044198895
2016-06-23,28880,28900,28540,28600,225126,-1.0380622837370241
2016-06-24,28900,28900,27200,28000,411052,-2.097902097902098
2016-06-27,28000,28099,27700,27960,236780,-0.14285714285714285
2016-06-28,27800,28080,27579,27980,214379,0.07153075822603719
2016-06-29,28160,28240,27820,27920,210541,-0.21443888491779842
2016-06-30,28160,28900,27940,28500,272943,2.0773638968481376
2016-07-01,28540,29579,28540,29320,287872,2.8771929824561404
2016-07-04,29279,29479,29020,29320,159900,0.0
2016-07-05,29319,29500,29240,29380,157407,0.20463847203274216
2016-07-06,28940,29040,28240,28420,334983,-3.2675289312457454
2016-07-07,28420,29000,28320,29000,229904,2.0408163265306123
2016-07-08,29000,29500,28980,29200,269963,0.6896551724137931
2016-07-11,29199,30000,29199,29780,281136,1.9863013698630139
2016-07-12,29980,30099,29200,29280,220494,-1.6789791806581598
2016-07-13,29920,29920,29259,29620,200198,1.1612021857923498
2016-07-14,29620,30000,29520,30000,248605,1.2829169480081026
2016-07-15,30000,30439,29720,30360,232463,1.2
2016-07-18,30360,30660,30000,30660,231344,0.9881422924901186
2016-07-19,30560,30799,30440,30660,202445,0.0
2016-07-20,30659,30840,30480,30800,155463,0.45662100456621
2016-07-21,30800,30940,30740,30860,170894,0.19480519480519481
2016-07-22,30120,30560,30120,30320,171703,-1.7498379779650033
2016-07-25,30000,30460,29900,30040,154650,-0.9234828496042217
2016-07-26,30000,30619,29960,30600,144570,1.8641810918774968
2016-07-27,30240,30580,30240,30540,126701,-0.19607843137254902
2016-07-28,30660,30720,29960,30140,190074,-1.309757694826457
2016-07-29,30400,31140,30220,30780,299712,2.12342402123424
2016-08-01,31380,31600,31200,31360,230308,1.8843404808317088
2016-08-02,31360,31360,30920,30960,166316,-1.2755102040816326
2016-08-03,30960,30960,30340,30340,150098,-2.0025839793281652
2016-08-04,30380,30660,30340,30340,140199,0.0
2016-08-05,30580,31280,30500,31220,139177,2.900461437046803
2016-08-08,31320,31500,31120,31380,222503,0.5124919923126201
2016-08-09,31480,31580,31140,31340,180464,-0.12746972594008923
2016-08-10,31340,31400,30680,30820,246807,-1.6592214422463305
2016-08-11,30820,31180,30520,31180,210672,1.1680726800778716
2016-08-12,31180,31400,30880,30900,209497,-0.8980115458627326
2016-08-16,30900,31520,30900,31360,216862,1.4886731391585761
2016-08-17,31380,31399,31020,31320,148929,-0.12755102040816327
2016-08-18,31340,32880,31320,32800,366541,4.725415070242656
2016-08-19,32760,33500,32720,33500,336103,2.1341463414634148
2016-08-22,33480,33840,33180,33300,252244,-0.5970149253731344
2016-08-23,33300,33880,33140,33740,230914,1.3213213213213213
2016-08-24,33600,33640,32720,33060,318771,-2.015411973918198
2016-08-25,32600,33180,32440,32780,283476,-0.8469449485783425
2016-08-26,32120,32460,32060,32240,241160,-1.647345942647956
2016-08-29,32040,32800,31940,32800,178515,1.7369727047146404
2016-08-30,32940,33420,32660,32900,156992,0.3048780487804878
2016-08-31,32820,32820,32220,32400,410644,-1.5197568389057752
2016-09-01,31660,31760,31260,31740,375803,-2.037037037037037
2016-09-02,31900,32260,31760,31940,163060,0.630119722747322
2016-09-05,31800,32300,31700,32120,167676,0.5635566687539135
2016-09-06,32140,32900,31940,32860,153203,2.303860523038605
2016-09-07,32960,33040,32420,32420,191837,-1.3390139987827145
2016-09-08,32460,32780,32280,32780,241417,1.1104256631708822
2016-09-09,32220,32360,31280,31500,265168,-3.9048200122025625
2016-09-12,29800,30119,29119,29300,529987,-6.984126984126984
2016-09-13,30159,30980,29900,30540,494345,4.2320819112627985
2016-09-19,30760,31380,30720,31160,448163,2.030124426981008
2016-09-20,31180,31759,31180,31700,258423,1.7329910141206675
2016-09-21,31900,32019,31520,31840,210181,0.4416403785488959
2016-09-22,32000,32820,31980,32360,228599,1.6331658291457287
2016-09-23,31640,31960,31320,31420,365993,-2.904820766378245
2016-09-26,31420,31920,31280,31360,290496,-0.19096117122851686
2016-09-27,31000,31500,30660,31380,196688,0.06377551020408163
2016-09-28,31080,31460,31080,31340,174128,-0.12746972594008923
2016-09-29,31459,32380,31440,32000,227951,2.105934907466496
2016-09-30,31800,32300,31700,31960,235254,-0.125
2016-10-04,32200,32480,32120,32280,261062,1.0012515644555695
2016-10-05,32020,32520,31940,32380,249409,0.30978934324659235
2016-10-06,33920,34000,33340,33820,591163,4.4471896232242125
2016-10-07,34000,34320,33800,34120,521011,0.8870490833826138
2016-10-10,33000,33780,32560,33600,505866,-1.5240328253223916
2016-10-11,31999,32500,30900,30900,768543,-8.035714285714286
2016-10-12,29900,30900,29880,30700,781771,-0.6472491909385114
2016-10-13,31000,31620,30900,31140,437291,1.4332247557003257
2016-10-14,30960,31760,30940,31540,283179,1.2845215157353884
2016-10-17,31299,32040,30760,31800,255704,0.8243500317057704
2016-10-18,31439,31900,31439,31780,207690,-0.06289308176100629
2016-10-19,31580,32860,31500,32500,308891,2.2655758338577723
2016-10-20,32520,33020,32179,32400,206609,-0.3076923076923077
2016-10-21,32120,32260,31760,31780,209550,-1.9135802469135803
2016-10-24,31860,32159,31800,32160,185799,1.195720578980491
2016-10-25,31999,32080,31840,31940,197322,-0.6840796019900498
2016-10-26,31939,31980,31240,31340,210680,-1.878522229179712
2016-10-27,31420,32340,31120,31460,282340,0.3828972559029994
2016-10-28,31600,32280,31600,32280,204284,2.6064844246662426
2016-10-31,32320,32780,32220,32780,241344,1.5489467162329618
2016-11-01,32600,33040,32240,33040,206948,0.7931665649786455
2016-11-02,32800,33040,32620,32860,201985,-0.5447941888619854
2016-11-03,32600,32800,32120,32320,206837,-1.6433353621424223
2016-11-04,32100,32680,32100,32540,142077,0.6806930693069307
2016-11-07,32940,33000,32680,32800,153238,0.7990165949600493
2016-11-08,32980,32980,32700,32880,108349,0.24390243902439024
2016-11-09,32920,33140,31820,31920,313672,-2.9197080291970803
2016-11-10,32600,33000,32360,32980,235907,3.3208020050125313
2016-11-11,31700,32360,31700,31960,256736,-3.0927835051546393
2016-11-14,31899,31919,31040,31060,302666,-2.816020025031289
2016-11-15,31060,31620,30780,30780,273314,-0.901481004507405
2016-11-16,30800,31280,30800,31160,266164,1.2345679012345678
2016-11-17,31100,31520,30900,31360,157411,0.6418485237483954
2016-11-18,31639,31760,31400,31720,189215,1.1479591836734695
2016-11-21,31300,32119,31300,31860,163604,0.4413619167717529
2016-11-22,32140,32900,32000,32800,195022,2.9504080351537976
2016-11-23,33220,33220,32520,32980,253372,0.548780487804878
2016-11-24,32980,33040,32660,33000,155143,0.06064281382656155
2016-11-25,32820,33040,32660,33000,125538,0.0
2016-11-28,33000,33620,32800,33540,265881,1.6363636363636365
2016-11-29,33800,33960,33380,33540,361626,0.0
2016-11-30,33540,34940,33540,34920,570704,4.114490161001789
2016-12-01,34800,35060,34660,34980,310707,0.1718213058419244
2016-12-02,34480,34760,34140,34540,307059,-1.257861635220126
2016-12-05,34340,34680,34220,34360,169692,-0.5211349160393747
2016-12-06,34440,35200,34400,34960,280036,1.7462165308498252
2016-12-07,35040,35480,35040,35440,192073,1.3729977116704806
2016-12-08,35980,36020,35520,35800,329251,1.0158013544018059
2016-12-09,35900,35900,35400,35600,213049,-0.5586592178770949
2016-12-12,34660,35360,34660,35040,228289,-1.5730337078651686
2016-12-13,34620,35440,34620,35320,233689,0.7990867579908676
2016-12-14,35560,35680,35280,35540,149102,0.622876557191393
2016-12-15,34820,35500,34820,35180,115471,-1.0129431626336522
2016-12-16,35300,36020,35200,35860,234954,1.9329164297896533
2016-12-19,35620,36380,35620,35900,108716,0.11154489682097045
2016-12-20,35920,36400,35840,36240,152304,0.947075208913649
2016-12-21,36360,36600,36020,36100,131042,-0.3863134657836645
2016-12-22,36260,36300,35980,36180,127092,0.221606648199446
2016-12-23,36020,36080,35600,35640,166697,-1.4925373134328357
2016-12-26,35600,36000,35560,35960,96472,0.8978675645342313
2016-12-27,35980,36200,35860,35980,93069,0.05561735261401557
2016-12-28,35840,35980,35600,35760,133258,-0.6114508060033352
2016-12-29,35420,36040,35400,36040,150329,0.7829977628635347
2017-01-02,35980,36240,35880,36100,93012,0.1664816870144284
2017-01-03,36280,36620,36020,36480,147153,1.0526315789473684
2017-01-04,36500,36520,36100,36160,159435,-0.8771929824561403
2017-01-05,36060,36060,35540,35560,219349,-1.6592920353982303
2017-01-06,36180,36440,36040,36200,177619,1.799775028121485
2017-01-09,36600,37500,36560,37220,263898,2.81767955801105
2017-01-10,37280,37400,37080,37240,181996,0.05373455131649651
2017-01-11,37520,38560,37420,38280,240363,2.7926960257787328
2017-01-12,38000,38800,37980,38800,233383,1.3584117032392893
2017-01-13,38100,38319,37460,37460,319089,-3.4536082474226806
2017-01-16,36860,37820,36320,36660,332230,-2.1356113187399894
2017-01-17,36580,37460,36580,36960,163014,0.8183306055646482
2017-01-18,37040,37500,36620,36940,177508,-0.05411255411255411
2017-01-19,37720,37920,37020,37480,188378,1.4618299945858149
2017-01-20,37120,37420,36880,37200,183700,-0.7470651013874066
2017-01-23,37200,38060,37000,38060,176208,2.311827956989247
2017-01-24,38120,38580,37880,38160,220975,0.2627430373095113
2017-01-25,38340,39400,38320,39400,268677,3.2494758909853245
2017-01-26,39420,40000,39420,39900,304290,1.2690355329949239
2017-01-31,39900,39900,39460,39460,359844,-1.1027568922305764
2017-02-01,39540,39660,39039,39120,283008,-0.8616320324379118
2017-02-02,39600,39660,39200,39360,300586,0.6134969325153374
2017-02-03,39400,39500,39180,39460,207727,0.25406504065040647
2017-02-06,39580,39660,39140,39560,177214,0.25342118601115055
2017-02-07,39560,39580,38760,38820,280836,-1.870576339737108
2017-02-08,38740,38779,38200,38400,341859,-1.0819165378670788
2017-02-09,38779,38840,38219,38400,273883,0.0
2017-02-10,38400,38760,38300,38360,220415,-0.10416666666666667
2017-02-13,37740,38060,37720,37960,222041,-1.0427528675703857
2017-02-14,37960,38260,37320,37580,262483,-1.0010537407797682
2017-02-15,37080,37960,37080,37720,283831,0.37253858435337944
2017-02-16,37800,38360,37780,38020,204527,0.7953340402969247
2017-02-17,37560,38040,37280,37860,307549,-0.4208311415044713
2017-02-20,38220,38780,38160,38660,149716,2.1130480718436346
2017-02-21,38540,39560,38420,38940,211252,0.7242628039317124
2017-02-22,39000,39340,38980,39300,170789,0.9244992295839755
2017-02-23,39020,39440,39020,39180,204346,-0.3053435114503817
2017-02-24,38960,39100,38060,38220,185937,-2.4502297090352223
2017-02-27,38020,38140,37700,38060,180674,-0.4186289900575615
2017-02-28,38059,38760,37960,38440,301774,0.9984235417761429
2017-03-02,38420,39860,38420,39720,424996,3.329864724245578
2017-03-03,39340,39720,39160,39620,254174,-0.25176233635448136
2017-03-06,39220,40220,39220,40080,244697,1.1610297829379101
2017-03-07,39800,40320,39800,40200,211065,0.29940119760479045
2017-03-08,40200,40620,40140,40200,242819,0.0
2017-03-09,40200,40300,40020,40200,287445,0.0
2017-03-10,39960,40420,39860,40180,204556,-0.04975124378109452
2017-03-13,40039,40980,40039,40600,148482,1.0452961672473868
2017-03-14,40620,41540,40500,41360,226501,1.87192118226601
2017-03-15,40800,41440,40800,41400,191757,0.09671179883945842
2017-03-16,41800,42180,41540,41840,198663,1.0628019323671498
2017-03-17,41800,42500,41720,42400,252046,1.338432122370937
2017-03-20,42000,42120,41740,41900,205001,-1.179245283018868
2017-03-21,41780,42680,41760,42560,284403,1.5751789976133652
2017-03-22,41600,42460,41580,42460,328545,-0.2349624060150376
2017-03-23,42200,42360,41700,41800,307942,-1.5544041450777202
2017-03-24,41600,41980,41080,41500,256163,-0.7177033492822966
2017-03-27,41200,41880,41180,41200,243553,-0.7228915662650602
2017-03-28,41560,41840,41380,41480,164325,0.6796116504854369
2017-03-29,41740,41960,41580,41780,201865,0.7232401157184185
2017-03-30,41880,42440,41880,41980,164080,0.47869794159885115
2017-03-31,41820,42020,41200,41200,210006,-1.8580276322058122
2017-04-03,41400,41720,41300,41440,191588,0.5825242718446602
2017-04-04,41600,42180,41520,42080,245110,1.5444015444015444
2017-04-05,41900,42240,41700,42140,213994,0.14258555133079848
2017-04-06,42000,42080,41600,41840,193668,-0.7119126720455624
2017-04-07,41800,41820,41160,41600,200420,-0.5736137667304015
2017-04-10,41940,41940,41500,41940,142827,0.8173076923076924
2017-04-11,41940,41940,41580,41600,143458,-0.8106819265617549
2017-04-12,41860,41940,41700,41900,165498,0.7211538461538461
2017-04-13,41660,42460,41660,42420,180816,1.2410501193317423
2017-04-14,42160,42260,41760,42020,109257,-0.942951438000943
2017-04-17,42000,42080,41520,41560,104495,-1.0947168015230844
2017-04-18,41680,41820,41280,41500,137213,-0.14436958614051973
2017-04-19,41299,41420,40900,40900,235258,-1.4457831325301205
2017-04-20,40580,40800,40080,40280,422977,-1.5158924205378974
2017-04-21,40480,41400,40480,40760,302610,1.1916583912611718
2017-04-24,41260,41260,40920,41240,179803,1.1776251226692835
2017-04-25,41460,42740,41320,42700,385992,3.5402521823472357
2017-04-26,42700,42800,42520,42800,295896,0.234192037470726
2017-04-27,42700,44520,41960,43840,460645,2.4299065420560746
2017-04-28,45780,45800,44520,44620,453714,1.7791970802919708
2017-05-02,45500,45500,44760,44900,281366,0.6275212909009412
2017-05-04,45700,45700,44860,45520,273802,1.380846325167038
2017-05-08,45520,47020,45340,47020,391651,3.2952548330404214
2017-05-10,46160,47220,45600,45600,468219,-3.0199914929817098
2017-05-11,45420,46180,45220,45500,425557,-0.21929824561403508
2017-05-12,45760,46160,45660,45820,188458,0.7032967032967032
2017-05-15,45620,46280,45620,46100,160028,0.6110868616324749
2017-05-16,46660,46800,46100,46380,176075,0.6073752711496746
2017-05-17,46120,46640,46100,46340,148489,-0.086244070720138
2017-05-18,45740,46000,45540,45940,223207,-0.8631851532153647
2017-05-19,45640,45780,44720,44720,315247,-2.6556377884196776
2017-05-22,45040,45380,44760,45100,352871,0.8497316636851521
2017-05-23,45400,45580,44900,44920,252141,-0.3991130820399113
2017-05-24,44860,45300,44800,44880,173508,-0.08904719501335707
2017-05-25,45160,45680,44800,45680,260896,1.7825311942959003
2017-05-26,45600,46460,45540,46080,272273,0.8756567425569177
2017-05-29,46220,46400,45380,45620,174791,-0.9982638888888888
2017-05-30,45520,45660,44480,44640,248672,-2.1481806225339763
2017-05-31,44580,45020,44400,44700,373382,0.13440860215053765
2017-06-01,44860,44900,44400,44680,195070,-0.0447427293064877
2017-06-02,45060,45960,45000,45960,249775,2.864816472694718
2017-06-05,46040,46360,45720,45940,151988,-0.04351610095735422
2017-06-07,46500,46500,45240,45300,274588,-1.393121462777536
2017-06-08,45000,45580,45000,45160,279575,-0.3090507726269316
2017-06-09,45680,46440,45600,46100,234657,2.0814880425155007
2017-06-12,45420,45600,45140,45380,219086,-1.561822125813449
2017-06-13,45140,45620,45140,45400,172498,0.044072278536800354
2017-06-14,45800,46060,45240,45360,203334,-0.0881057268722467
2017-06-15,45680,45920,45180,45680,193140,0.7054673721340388
2017-06-16,45500,45940,45460,45580,348069,-0.21891418563922943
2017-06-19,45580,46560,45560,46560,226078,2.150065818341378
2017-06-20,47240,48140,47220,48140,300900,3.393470790378007
2017-06-21,47740,48120,47480,47480,199473,-1.3710012463647694
2017-06-22,47960,48080,47720,47960,229116,1.0109519797809603
2017-06-23,47600,47780,47420,47620,190302,-0.7089241034195163
2017-06-26,47520,48360,47520,48280,171056,1.385972280554389
2017-06-27,48220,48400,47900,48300,192335,0.041425020712510356
2017-06-28,47600,48000,47560,47700,191450,-1.2422360248447204
2017-06-29,48040,48320,47940,47940,166131,0.5031446540880503
2017-06-30,47500,47620,47100,47540,237551,-0.8343763037129746
2017-07-03,47500,47780,47120,47220,136111,-0.6731173748422381
2017-07-04,47160,47400,46900,47000,159220,-0.46590427784836935
2017-07-05,46820,47680,46780,47580,212805,1.2340425531914894
2017-07-06,48000,48100,47720,48060,218461,1.008827238335435
2017-07-07,47740,48120,47620,47860,162638,-0.41614648356221395
2017-07-10,48500,48900,48320,48660,215855,1.671541997492687
2017-07-11,48640,49000,48280,49000,194356,0.6987258528565558
2017-07-12,49000,50000,48840,49880,189723,1.7959183673469388
2017-07-13,50080,50940,50040,50560,320683,1.36327185244587
2017-07-14,51000,51080,50420,50480,164780,-0.15822784810126583
2017-07-17,50900,51020,50520,50640,179522,0.31695721077654515
2017-07-18,50420,50880,50360,50840,141689,0.3949447077409162
2017-07-19,50620,50820,50000,50740,223150,-0.1966955153422502
2017-07-20,50760,51320,50560,51200,167352,0.9065825778478518
2017-07-21,50860,51160,50520,51080,168981,-0.234375
2017-07-24,50700,51000,50620,50860,141995,-0.4306969459671104
2017-07-25,50500,50760,49940,50000,216212,-1.6909162406606373
2017-07-26,49600,50020,49300,49840,224496,-0.32
2017-07-27,50000,50640,49560,49800,228990,-0.08025682182985554
2017-07-28,49800,49800,47380,47760,523366,-4.096385542168675
2017-07-31,47420,48240,46920,48200,254028,0.9212730318257957
2017-08-01,48000,48840,47540,48600,227390,0.8298755186721992
2017-08-02,49200,49340,48600,49000,155549,0.823045267489712
2017-08-03,49000,49000,47120,47780,310816,-2.489795918367347
2017-08-04,48160,48180,47500,47700,167184,-0.1674340728338217
2017-08-07,47500,48080,47440,47580,144365,-0.25157232704402516
2017-08-08,47980,48260,47480,47720,159592,0.2942412778478352
2017-08-09,47400,47400,46240,46280,291108,-3.0176026823134956
2017-08-10,46200,46320,45460,45900,459723,-0.8210890233362144
2017-08-11,45120,45300,44220,44620,508146,-2.7886710239651413
2017-08-14,45120,45400,44720,45000,383712,0.8516360376512775
2017-08-16,46220,46380,46000,46200,438273,2.666666666666667
2017-08-17,46960,47300,46740,47040,248317,1.8181818181818181
2017-08-18,46760,47240,46240,46900,209559,-0.2976190476190476
2017-08-21,47240,47240,46580,46840,102069,-0.1279317697228145
2017-08-22,46820,47160,46700,47000,147635,0.3415883859948762
2017-08-23,47780,47780,47180,47480,187694,1.0212765957446808
2017-08-24,47520,47660,47340,47520,173149,0.08424599831508003
2017-08-25,47880,47880,46720,47020,224871,-1.0521885521885523
2017-08-28,47020,47240,45960,46100,199242,-1.9566142067205443
2017-08-29,45640,46080,45160,46080,252473,-0.04338394793926247
2017-08-30,46380,46400,45960,46200,150260,0.26041666666666663
2017-08-31,46220,46640,46000,46320,220234,0.2597402597402597
2017-09-01,46460,46640,46300,46480,212834,0.3454231433506045
2017-09-04,45780,46360,45500,46040,158870,-0.9466437177280551
2017-09-05,46240,46900,45960,46760,234322,1.5638575152041705
2017-09-06,46760,47180,46700,47000,216221,0.5132591958939264
2017-09-07,47000,48220,47000,48120,193530,2.382978723404255
2017-09-08,48700,49180,48580,49080,217860,1.99501246882793
2017-09-11,49700,50180,49500,49800,207495,1.466992665036675
2017-09-12,50200,50220,49140,49600,240595,-0.4016064257028112
2017-09-13,49820,50400,49440,49620,187140,0.04032258064516129
2017-09-14,50060,50320,49760,50300,284095,1.370415155179363
2017-09-15,50300,50560,49860,50400,215146,0.19880715705765406
2017-09-18,50540,52480,50520,52480,230499,4.1269841269841265
2017-09-19,52500,52640,51780,52120,197008,-0.6859756097560976
2017-09-20,52120,52500,51840,52220,185855,0.19186492709132769
2017-09-21,52219,52960,52219,52800,176796,1.1106855610877058
2017-09-22,52960,53600,52459,53000,278448,0.3787878787878788
2017-09-25,52999,53679,52999,53620,186062,1.169811320754717
2017-09-26,53020,53120,51560,51660,341144,-3.6553524804177546
2017-09-27,52000,52200,51500,51680,215940,0.03871467286101432
2017-09-28,52260,52460,51260,51260,240509,-0.8126934984520124
2017-09-29,51180,51620,50840,51280,258188,0.03901677721420211
2017-10-10,53360,53640,52799,52800,410396,2.9641185647425896
2017-10-11,53600,54760,53340,54640,273043,3.4848484848484853
2017-10-12,54840,55160,54099,54800,277814,0.29282576866764276
2017-10-13,54540,54840,53780,54000,252033,-1.4598540145985401
2017-10-16,53980,54860,53760,53920,195399,-0.14814814814814814
2017-10-17,54019,55380,54000,54800,212156,1.6320474777448073
2017-10-18,54820,55240,54039,54760,202215,-0.072992700729927
2017-10-19,54699,54699,52980,52980,242174,-3.2505478451424397
2017-10-20,52800,54100,52800,53840,160541,1.6232540581351453
2017-10-23,54600,54640,54000,54300,166221,0.8543833580980683
2017-10-24,54699,54780,54040,54040,116121,-0.4788213627992633
2017-10-25,54040,54420,53699,53900,117657,-0.2590673575129534
2017-10-26,53720,53900,52400,52400,195531,-2.782931354359926
2017-10-27,52400,53320,52140,53080,147850,1.297709923664122
2017-10-30,53780,54320,53699,54040,163923,1.8085908063300677
2017-10-31,54060,55440,53500,55080,267631,1.924500370096225
2017-11-01,57500,57500,56179,57220,290205,3.8852578068264343
2017-11-02,57500,57519,56760,57060,214421,-0.27962250961202373
2017-11-03,57059,57140,55860,56380,198716,-1.1917280056081316
2017-11-06,56380,56500,55340,56380,180019,0.0
2017-11-07,56380,56920,55860,56100,149291,-0.4966300106420717
2017-11-08,56100,57060,55860,56760,170404,1.1764705882352942
2017-11-09,56920,56920,55899,56340,239881,-0.7399577167019027
2017-11-10,55800,56540,55780,56400,134976,0.10649627263045794
2017-11-13,56400,56799,56100,56380,176133,-0.03546099290780142
2017-11-14,56380,56740,55920,55920,134500,-0.8158921603405462
2017-11-15,55920,56319,55320,55340,176339,-1.0371959942775395
2017-11-16,55440,56000,55400,55780,152814,0.7950849295265631
2017-11-17,56399,56880,55820,55820,214663,0.07171029042667623
2017-11-20,55900,55980,55200,55200,189455,-1.1107130060910069
2017-11-21,55400,55839,55280,55280,206494,0.14492753623188406
2017-11-22,55980,56200,55620,55960,159059,1.2301013024602026
2017-11-23,55960,55979,55020,55300,125458,-1.1794138670478913
2017-11-24,55300,55500,55180,55460,90724,0.28933092224231466
2017-11-27,55360,55360,52640,52640,362578,-5.084745762711865
2017-11-28,52699,53280,51720,53280,269988,1.21580547112462
2017-11-29,53200,53240,52500,52600,191805,-1.2762762762762763
2017-11-30,50800,51860,50200,50800,592683,-3.4220532319391634
2017-12-01,50800,51780,50800,50840,257372,0.07874015748031496
2017-12-04,50840,51340,50020,51340,297301,0.9834775767112509
2017-12-05,50600,51300,50280,51260,186531,-0.15582391897156214
2017-12-06,51260,51560,50020,50020,217784,-2.419040187280531
2017-12-07,50040,50980,50020,50740,221312,1.4394242303078768
2017-12-08,51360,52000,51040,52000,225809,2.4832479306267246
2017-12-11,52000,52040,51500,51780,162517,-0.4230769230769231
2017-12-12,51820,52100,51660,52100,175301,0.6179992275009656
2017-12-13,52100,52100,51100,51320,226674,-1.4971209213051824
2017-12-14,51320,52280,51060,51060,406208,-0.5066250974279034
2017-12-15,51240,51480,50520,50620,298571,-0.8617312965139052
2017-12-18,50620,51240,50620,51200,147005,1.1457921770051362
2017-12-19,51540,52080,51520,51560,239572,0.703125
2017-12-20,51500,51760,50820,50880,201611,-1.3188518231186968
2017-12-21,51000,51060,49100,49140,312486,-3.4198113207547167
2017-12-22,49400,49960,49240,49700,223993,1.1396011396011396
2017-12-26,49760,50100,48200,48200,320797,-3.0181086519114686
2017-12-27,48960,49560,48460,49360,214872,2.406639004149378
2017-12-28,49560,50960,49500,50960,179709,3.2414910858995136
